id,source,target,location,social_distance,text_distance,time_distance,created_at,updated_at
64,10152295064614500,    10152470060984600   ,,,0.123277853909177,,2014-07-29 01:18:54 UTC,2014-07-29 01:18:54 UTC
67,10152295064614500,    10202678444975900   ,,,0.0918470005655645,,2014-07-29 01:18:58 UTC,2014-07-29 01:18:58 UTC
3,10152295064614500,    10152202815332800   ,,,0.0633210533595889,31320.0,2014-07-29 01:18:03 UTC,2014-07-30 21:13:44 UTC
5,10152295064614500,    10152137200716000   ,,,0.0688245427586545,24960.0,2014-07-29 01:18:05 UTC,2014-07-30 21:13:44 UTC
6,10152295064614500,    10152532133457028?  ,,,0.188269577732846,141600.0,2014-07-29 01:18:05 UTC,2014-07-30 21:13:44 UTC
16,10152295064614500,    10152774703559800   ,,,0.138690379855246,250500.0,2014-07-29 01:18:12 UTC,2014-07-30 21:13:44 UTC
19,10152295064614500,    879703545379784 ,,,0.0989030297653287,231240.0,2014-07-29 01:18:14 UTC,2014-07-30 21:13:44 UTC
35,10152295064614500,    10154158904980400   ,,,0.108234261376127,278700.0,2014-07-29 01:18:29 UTC,2014-07-30 21:13:45 UTC
41,10152295064614500,    10152236492148600   ,,,0.0802495696853939,191700.0,2014-07-29 01:18:33 UTC,2014-07-30 21:13:45 UTC
77,10152295064614500,    10152030233245900   ,,,0.0628231335260305,,2014-07-29 01:19:07 UTC,2014-07-29 01:19:07 UTC
80,10152295064614500,    10204070474264400   ,,,0.0526725763378047,,2014-07-29 01:19:09 UTC,2014-07-29 01:19:09 UTC
89,10152295064614500,    10203299566062600   ,,,0.0651180325577728,,2014-07-29 01:19:16 UTC,2014-07-29 01:19:16 UTC
93,10152295064614500,    10154227414975000   ,,,0.0656817598971088,,2014-07-29 01:19:21 UTC,2014-07-29 01:19:21 UTC
99,10152295064614500,    10152411710657800   ,,,0.0781224300439611,,2014-07-29 01:19:28 UTC,2014-07-29 01:19:28 UTC
109,10152295064614500,    10152481467059800   ,,,0.12794244650228,,2014-07-29 01:19:39 UTC,2014-07-29 01:19:39 UTC
111,10152295064614500,    10152541500488500   ,,,0.0824762684888526,,2014-07-29 01:19:41 UTC,2014-07-29 01:19:41 UTC
215,    10152202815332800   ,    10203239143112200   ,,,0.0587909179229866,,2014-07-29 01:21:09 UTC,2014-07-29 01:21:09 UTC
167,    10152202815332800   ,    10152137200716000   ,,,0.0776997419071857,6360.0,2014-07-29 01:20:20 UTC,2014-07-30 21:13:47 UTC
168,    10152202815332800   ,    10152532133457028?  ,,,0.0763999477731584,172920.0,2014-07-29 01:20:21 UTC,2014-07-30 21:13:47 UTC
169,    10152202815332800   ,    10152024395296100   ,,,0.106531654418621,345720.0,2014-07-29 01:20:21 UTC,2014-07-30 21:13:47 UTC
178,    10152202815332800   ,    10152774703559800   ,,,0.137695305899645,281820.0,2014-07-29 01:20:29 UTC,2014-07-30 21:13:47 UTC
181,    10152202815332800   ,    879703545379784 ,,,0.0401349299216065,262560.0,2014-07-29 01:20:32 UTC,2014-07-30 21:13:47 UTC
182,    10152202815332800   ,    10203749461875300   ,,,0.106531654418621,273420.0,2014-07-29 01:20:33 UTC,2014-07-30 21:13:47 UTC
184,    10152202815332800   ,    10152030233245900   ,,,0.0225724368297758,271620.0,2014-07-29 01:20:35 UTC,2014-07-30 21:13:47 UTC
187,    10152202815332800   ,    10204070474264400   ,,,0.0987672761279924,281520.0,2014-07-29 01:20:38 UTC,2014-07-30 21:13:47 UTC
188,    10152202815332800   ,    10203154807607700   ,,,0.0795914430738481,304800.0,2014-07-29 01:20:39 UTC,2014-07-30 21:13:47 UTC
189,    10152202815332800   ,    10152499668983900   ,,,0.0196455811362877,284400.0,2014-07-29 01:20:40 UTC,2014-07-30 21:13:47 UTC
192,    10152202815332800   ,    1431206683815010    ,,,0.0840941646793771,277620.0,2014-07-29 01:20:44 UTC,2014-07-30 21:13:47 UTC
196,    10152202815332800   ,    10203299566062600   ,,,0.0509464559394691,260580.0,2014-07-29 01:20:48 UTC,2014-07-30 21:13:47 UTC
197,    10152202815332800   ,    10154158904980400   ,,,0.0801994253822134,310020.0,2014-07-29 01:20:49 UTC,2014-07-30 21:13:47 UTC
198,    10152202815332800   ,    10203549599554800   ,,,0.0853928624498107,260940.0,2014-07-29 01:20:50 UTC,2014-07-30 21:13:47 UTC
200,    10152202815332800   ,    10154227414975000   ,,,0.0314084888608648,280680.0,2014-07-29 01:20:52 UTC,2014-07-30 21:13:47 UTC
201,    10152202815332800   ,    10152470714252400   ,,,0.0401956591165718,279420.0,2014-07-29 01:20:53 UTC,2014-07-30 21:13:47 UTC
203,    10152202815332800   ,    10152236492148600   ,,,0.0875654497723684,223020.0,2014-07-29 01:20:56 UTC,2014-07-30 21:13:47 UTC
204,    10152202815332800   ,    10152447730470700   ,,,0.0544220353024882,273000.0,2014-07-29 01:20:57 UTC,2014-07-30 21:13:47 UTC
206,    10152202815332800   ,    10152411710657800   ,,,0.0254709232173418,288660.0,2014-07-29 01:20:59 UTC,2014-07-30 21:13:47 UTC
207,    10152202815332800   ,    10203966122371900   ,,,0.0999027117691343,298620.0,2014-07-29 01:21:00 UTC,2014-07-30 21:13:47 UTC
208,    10152202815332800   ,    10154215500725000   ,,,0.0759618786150254,271080.0,2014-07-29 01:21:01 UTC,2014-07-30 21:13:47 UTC
209,    10152202815332800   ,    10152471171597400   ,,,0.0638569335647981,265020.0,2014-07-29 01:21:02 UTC,2014-07-30 21:13:48 UTC
210,    10152202815332800   ,    10202844439564500   ,,,0.0262485408901715,273240.0,2014-07-29 01:21:03 UTC,2014-07-30 21:13:48 UTC
212,    10152202815332800   ,    10203194488116700   ,,,0.0423284524937455,280080.0,2014-07-29 01:21:06 UTC,2014-07-30 21:13:48 UTC
213,    10152202815332800   ,    10152278493009700   ,,,0.0166194614290763,268080.0,2014-07-29 01:21:07 UTC,2014-07-30 21:13:48 UTC
217,    10152202815332800   ,    10152481473374400   ,,,0.148467452928248,272340.0,2014-07-29 01:21:11 UTC,2014-07-30 21:13:48 UTC
219,    10152532065862000   ,    10152137200716000   ,,,0.0459719180381446,159900.0,2014-07-29 01:21:13 UTC,2014-07-30 21:13:48 UTC
220,    10152532065862000   ,    10152532133457028?  ,,,0.125756209190684,6660.0,2014-07-29 01:21:13 UTC,2014-07-30 21:13:48 UTC
222,    10152532065862000   ,    10203771450665200   ,,,0.392050956354644,179460.0,2014-07-29 01:21:15 UTC,2014-07-30 21:13:48 UTC
227,    10152532065862000   ,    10154237556155100   ,,,0.0721591284893937,179460.0,2014-07-29 01:21:21 UTC,2014-07-30 21:13:48 UTC
228,    10152532065862000   ,    10152168324927900   ,,,0.141767403326856,114660.0,2014-07-29 01:21:22 UTC,2014-07-30 21:13:48 UTC
229,    10152532065862000   ,    10154237088440500   ,,,0.323714767094975,105000.0,2014-07-29 01:21:23 UTC,2014-07-30 21:13:48 UTC
232,    10152532065862000   ,    10203795790833000   ,,,0.141767403326856,112980.0,2014-07-29 01:21:26 UTC,2014-07-30 21:13:48 UTC
239,    10152532065862000   ,    10204070474264400   ,,,0.148791037433573,115260.0,2014-07-29 01:21:33 UTC,2014-07-30 21:13:48 UTC
242,    10152532065862000   ,    10154161006850400   ,,,0.111242442703472,101400.0,2014-07-29 01:21:36 UTC,2014-07-30 21:13:48 UTC
245,    10152532065862000   ,    10152194488117800   ,,,0.543771736413102,106020.0,2014-07-29 01:21:39 UTC,2014-07-30 21:13:48 UTC
248,    10152532065862000   ,    10203299566062600   ,,,0.183947326930923,94320.0,2014-07-29 01:21:41 UTC,2014-07-30 21:13:49 UTC
250,    10152532065862000   ,    10203549599554800   ,,,0.0554893491783476,94680.0,2014-07-29 01:21:43 UTC,2014-07-30 21:13:49 UTC
252,    10152532065862000   ,    10154227414975000   ,,,0.0625920620813175,114420.0,2014-07-29 01:21:45 UTC,2014-07-30 21:13:49 UTC
257,    10152532065862000   ,    10152564673903500   ,,,0.543771736413102,95580.0,2014-07-29 01:21:49 UTC,2014-07-30 21:13:49 UTC
268,    10152532065862000   ,    10152481467059800   ,,,0.11063670186371,111060.0,2014-07-29 01:22:01 UTC,2014-07-30 21:13:49 UTC
271,    10152137200716000   ,    10152532133457028?  ,,,0.140997261627857,166560.0,2014-07-29 01:22:04 UTC,2014-07-30 21:13:49 UTC
273,    10152137200716000   ,    10203771450665200   ,,,0.0609539536198084,339360.0,2014-07-29 01:22:07 UTC,2014-07-30 21:13:49 UTC
277,    10152137200716000   ,    10202678444975900   ,,,0.0878607000061798,339360.0,2014-07-29 01:22:11 UTC,2014-07-30 21:13:49 UTC
278,    10152137200716000   ,    10154237556155100   ,,,0.0332558746076451,339360.0,2014-07-29 01:22:12 UTC,2014-07-30 21:13:49 UTC
279,    10152137200716000   ,    10152168324927900   ,,,0.0653361409316681,274560.0,2014-07-29 01:22:13 UTC,2014-07-30 21:13:49 UTC
280,    10152137200716000   ,    10154237088440500   ,,,0.25644326557025,264900.0,2014-07-29 01:22:14 UTC,2014-07-30 21:13:49 UTC
281,    10152137200716000   ,    10152774703559800   ,,,0.154165372125002,275460.0,2014-07-29 01:22:15 UTC,2014-07-30 21:13:49 UTC
283,    10152137200716000   ,    10203795790833000   ,,,0.0653361409316681,272880.0,2014-07-29 01:22:17 UTC,2014-07-30 21:13:50 UTC
284,    10152137200716000   ,    879703545379784 ,,,0.0436232193551611,256200.0,2014-07-29 01:22:18 UTC,2014-07-30 21:13:50 UTC
287,    10152137200716000   ,    10152030233245900   ,,,0.0600965132687,265260.0,2014-07-29 01:22:21 UTC,2014-07-30 21:13:50 UTC
318,    10152137200716000   ,    10203239143112200   ,,,0.236515467659148,,2014-07-29 01:22:45 UTC,2014-07-29 01:22:45 UTC
290,    10152137200716000   ,    10204070474264400   ,,,0.180367819588588,275160.0,2014-07-29 01:22:25 UTC,2014-07-30 21:13:50 UTC
291,    10152137200716000   ,    10203154807607700   ,,,0.0910284645996879,298440.0,2014-07-29 01:22:26 UTC,2014-07-30 21:13:50 UTC
294,    10152137200716000   ,    10152481202984800   ,,,0.0653361409316681,278820.0,2014-07-29 01:22:30 UTC,2014-07-30 21:13:50 UTC
295,    10152137200716000   ,    1431206683815010    ,,,0.0487430208134466,271260.0,2014-07-29 01:22:31 UTC,2014-07-30 21:13:50 UTC
296,    10152137200716000   ,    10152194488117800   ,,,0.0845426765675438,265920.0,2014-07-29 01:22:32 UTC,2014-07-30 21:13:50 UTC
298,    10152137200716000   ,    10152461578970200   ,,,0.0342080372612933,236280.0,2014-07-29 01:22:34 UTC,2014-07-30 21:13:50 UTC
299,    10152137200716000   ,    10203299566062600   ,,,0.0285991314457927,254220.0,2014-07-29 01:22:34 UTC,2014-07-30 21:13:50 UTC
300,    10152137200716000   ,    10154158904980400   ,,,0.0477389513441359,303660.0,2014-07-29 01:22:35 UTC,2014-07-30 21:13:50 UTC
301,    10152137200716000   ,    10203549599554800   ,,,0.0988554898030345,254580.0,2014-07-29 01:22:36 UTC,2014-07-30 21:13:50 UTC
306,    10152137200716000   ,    10152236492148600   ,,,0.0892037701990049,216660.0,2014-07-29 01:22:39 UTC,2014-07-30 21:13:50 UTC
307,    10152137200716000   ,    10152447730470700   ,,,0.15740936509216,266640.0,2014-07-29 01:22:40 UTC,2014-07-30 21:13:50 UTC
308,    10152137200716000   ,    10152564673903500   ,,,0.0845426765675438,255480.0,2014-07-29 01:22:40 UTC,2014-07-30 21:13:50 UTC
309,    10152137200716000   ,    10152411710657800   ,,,0.0678133994411194,282300.0,2014-07-29 01:22:41 UTC,2014-07-30 21:13:50 UTC
310,    10152137200716000   ,    10203966122371900   ,,,0.077074620703785,292260.0,2014-07-29 01:22:41 UTC,2014-07-30 21:13:50 UTC
311,    10152137200716000   ,    10154215500725000   ,,,0.085047861344922,264720.0,2014-07-29 01:22:42 UTC,2014-07-30 21:13:50 UTC
312,    10152137200716000   ,    10152471171597400   ,,,0.131743523555854,258660.0,2014-07-29 01:22:42 UTC,2014-07-30 21:13:50 UTC
316,    10152137200716000   ,    10152278493009700   ,,,0.0939113303323905,261720.0,2014-07-29 01:22:44 UTC,2014-07-30 21:13:50 UTC
319,    10152137200716000   ,    10152481467059800   ,,,0.213441312600165,270960.0,2014-07-29 01:22:46 UTC,2014-07-30 21:13:50 UTC
321,    10152137200716000   ,    10152541500488500   ,,,0.0333010098663502,278340.0,2014-07-29 01:22:47 UTC,2014-07-30 21:13:51 UTC
323,    10152532133457028?  ,    10203771450665200   ,,,0.166739576452991,172800.0,2014-07-29 01:22:48 UTC,2014-07-30 21:13:51 UTC
328,    10152532133457028?  ,    10154237556155100   ,,,0.0909714648083226,172800.0,2014-07-29 01:22:51 UTC,2014-07-30 21:13:51 UTC
329,    10152532133457028?  ,    10152168324927900   ,,,0.178727052456184,108000.0,2014-07-29 01:22:51 UTC,2014-07-30 21:13:51 UTC
331,    10152532133457028?  ,    10152774703559800   ,,,0.167336726339782,108900.0,2014-07-29 01:22:52 UTC,2014-07-30 21:13:51 UTC
333,    10152532133457028?  ,    10203795790833000   ,,,0.178727052456184,106320.0,2014-07-29 01:22:53 UTC,2014-07-30 21:13:51 UTC
334,    10152532133457028?  ,    879703545379784 ,,,0.119331342543656,89640.0,2014-07-29 01:22:54 UTC,2014-07-30 21:13:51 UTC
340,    10152532133457028?  ,    10204070474264400   ,,,0.0632809438659623,108600.0,2014-07-29 01:22:57 UTC,2014-07-30 21:13:51 UTC
343,    10152532133457028?  ,    10154161006850400   ,,,0.140244043594266,94740.0,2014-07-29 01:22:58 UTC,2014-07-30 21:13:51 UTC
344,    10152532133457028?  ,    10152481202984800   ,,,0.178727052456184,112260.0,2014-07-29 01:22:59 UTC,2014-07-30 21:13:51 UTC
346,    10152532133457028?  ,    10152194488117800   ,,,0.231266542134413,99360.0,2014-07-29 01:23:00 UTC,2014-07-30 21:13:51 UTC
349,    10152532133457028?  ,    10203299566062600   ,,,0.0782329411138514,87660.0,2014-07-29 01:23:02 UTC,2014-07-30 21:13:52 UTC
350,    10152532133457028?  ,    10154158904980400   ,,,0.130589929852301,137100.0,2014-07-29 01:23:02 UTC,2014-07-30 21:13:52 UTC
351,    10152532133457028?  ,    10203549599554800   ,,,0.170187510496456,88020.0,2014-07-29 01:23:03 UTC,2014-07-30 21:13:52 UTC
353,    10152532133457028?  ,    10154227414975000   ,,,0.0789102043235993,107760.0,2014-07-29 01:23:04 UTC,2014-07-30 21:13:52 UTC
361,    10152532133457028?  ,    10154215500725000   ,,,0.0923140553776206,98160.0,2014-07-29 01:23:08 UTC,2014-07-30 21:13:52 UTC
369,    10152532133457028?  ,    10152481467059800   ,,,0.139480382327272,104400.0,2014-07-29 01:23:12 UTC,2014-07-30 21:13:52 UTC
425,    10203771450665200   ,    10154237556155100   ,,,0.0956754549057275,0.0,2014-07-29 01:23:54 UTC,2014-07-30 21:13:54 UTC
426,    10203771450665200   ,    10152168324927900   ,,,0.187968744745779,64800.0,2014-07-29 01:23:55 UTC,2014-07-30 21:13:54 UTC
430,    10203771450665200   ,    10203795790833000   ,,,0.187968744745779,66480.0,2014-07-29 01:23:57 UTC,2014-07-30 21:13:55 UTC
437,    10203771450665200   ,    10204070474264400   ,,,0.197281348740854,64200.0,2014-07-29 01:24:01 UTC,2014-07-30 21:13:55 UTC
440,    10203771450665200   ,    10154161006850400   ,,,0.147495840558044,78060.0,2014-07-29 01:24:02 UTC,2014-07-30 21:13:55 UTC
441,    10203771450665200   ,    10152481202984800   ,,,0.187968744745779,60540.0,2014-07-29 01:24:03 UTC,2014-07-30 21:13:55 UTC
446,    10203771450665200   ,    10203299566062600   ,,,0.469192394379792,85140.0,2014-07-29 01:24:08 UTC,2014-07-30 21:13:56 UTC
448,    10203771450665200   ,    10203549599554800   ,,,0.0735730715739103,84780.0,2014-07-29 01:24:09 UTC,2014-07-30 21:13:56 UTC
450,    10203771450665200   ,    10154227414975000   ,,,0.0829905257793933,65040.0,2014-07-29 01:24:11 UTC,2014-07-30 21:13:56 UTC
455,    10203771450665200   ,    10152564673903500   ,,,0.720984431704269,83880.0,2014-07-29 01:24:13 UTC,2014-07-30 21:13:56 UTC
459,    10203771450665200   ,    10152471171597400   ,,,0.287421107286108,80700.0,2014-07-29 01:24:16 UTC,2014-07-30 21:13:56 UTC
466,    10203771450665200   ,    10152481467059800   ,,,0.146692691578664,68400.0,2014-07-29 01:24:19 UTC,2014-07-30 21:13:57 UTC
481,    10152470060984600   ,    10152030233245900   ,,,0.175194115641546,12300.0,2014-07-29 01:24:28 UTC,2014-07-30 21:13:58 UTC
495,    10152470060984600   ,    10203549599554800   ,,,0.162380948185979,1620.0,2014-07-29 01:24:35 UTC,2014-07-30 21:13:58 UTC
513,    10152470060984600   ,    10152481467059800   ,,,0.255943661761848,18000.0,2014-07-29 01:24:48 UTC,2014-07-30 21:13:59 UTC
515,    10152470060984600   ,    10152541500488500   ,,,0.164990421416665,25380.0,2014-07-29 01:24:50 UTC,2014-07-30 21:13:59 UTC
519,    10152465880073300   ,    10152168324927900   ,,,0.31990210105828,64800.0,2014-07-29 01:24:53 UTC,2014-07-30 21:13:59 UTC
522,    10152465880073300   ,    10152528066067000   ,,,0.172980063587943,0.0,2014-07-29 01:24:57 UTC,2014-07-30 21:13:59 UTC
523,    10152465880073300   ,    10203795790833000   ,,,0.31990210105828,66480.0,2014-07-29 01:24:58 UTC,2014-07-30 21:13:59 UTC
534,    10152465880073300   ,    10152481202984800   ,,,0.31990210105828,60540.0,2014-07-29 01:25:07 UTC,2014-07-30 21:14:00 UTC
563,    10152528084332000   ,    10154237556155100   ,,,0.0631499925397038,0.0,2014-07-29 01:25:23 UTC,2014-07-30 21:14:01 UTC
565,    10152528084332000   ,    10154237088440500   ,,,0.0889190668916858,74460.0,2014-07-29 01:25:24 UTC,2014-07-30 21:14:01 UTC
574,    10152528084332000   ,    10152030341315900   ,,,0.044491727619468,79980.0,2014-07-29 01:25:29 UTC,2014-07-30 21:14:01 UTC
575,    10152528084332000   ,    10204070474264400   ,,,0.0439279629217901,64200.0,2014-07-29 01:25:29 UTC,2014-07-30 21:14:01 UTC
576,    10152528084332000   ,    10203154807607700   ,,,0.0411132063475748,40920.0,2014-07-29 01:25:30 UTC,2014-07-30 21:14:01 UTC
580,    10152528084332000   ,    1431206683815010    ,,,0.418383470516655,68100.0,2014-07-29 01:25:32 UTC,2014-07-30 21:14:02 UTC
588,    10152528084332000   ,    10154227414975000   ,,,0.149993562337014,65040.0,2014-07-29 01:25:36 UTC,2014-07-30 21:14:02 UTC
590,    10152528084332000   ,    10152233644959100   ,,,0.0824187574807167,72540.0,2014-07-29 01:25:37 UTC,2014-07-30 21:14:02 UTC
591,    10152528084332000   ,    10152236492148600   ,,,0.12845332826001,122700.0,2014-07-29 01:25:38 UTC,2014-07-30 21:14:02 UTC
595,    10152528084332000   ,    10203966122371900   ,,,0.0297696948824978,47100.0,2014-07-29 01:25:40 UTC,2014-07-30 21:14:02 UTC
596,    10152528084332000   ,    10154215500725000   ,,,0.0447253978404968,74640.0,2014-07-29 01:25:41 UTC,2014-07-30 21:14:02 UTC
598,    10152528084332000   ,    10202844439564500   ,,,0.0534734943026221,72480.0,2014-07-29 01:25:42 UTC,2014-07-30 21:14:02 UTC
600,    10152528084332000   ,    10203194488116700   ,,,0.0570763865147646,65640.0,2014-07-29 01:25:43 UTC,2014-07-30 21:14:02 UTC
601,    10152528084332000   ,    10152278493009700   ,,,0.108352326373387,77640.0,2014-07-29 01:25:43 UTC,2014-07-30 21:14:02 UTC
605,    10152528084332000   ,    10152481473374400   ,,,0.0562016903245596,73380.0,2014-07-29 01:25:46 UTC,2014-07-30 21:14:02 UTC
610,    10202678444975900   ,    10152774703559800   ,,,0.102220272539948,63900.0,2014-07-29 01:25:51 UTC,2014-07-30 21:14:02 UTC
616,    10202678444975900   ,    10152030233245900   ,,,0.169245142270829,74100.0,2014-07-29 01:25:55 UTC,2014-07-30 21:14:03 UTC
619,    10202678444975900   ,    10204070474264400   ,,,0.14189960251456,64200.0,2014-07-29 01:25:57 UTC,2014-07-30 21:14:03 UTC
620,    10202678444975900   ,    10203154807607700   ,,,0.0518371041195916,40920.0,2014-07-29 01:25:58 UTC,2014-07-30 21:14:03 UTC
628,    10202678444975900   ,    10203299566062600   ,,,0.106954933081409,85140.0,2014-07-29 01:26:02 UTC,2014-07-30 21:14:03 UTC
632,    10202678444975900   ,    10154227414975000   ,,,0.107880842810044,65040.0,2014-07-29 01:26:04 UTC,2014-07-30 21:14:03 UTC
634,    10202678444975900   ,    10152233644959100   ,,,0.263279840032132,72540.0,2014-07-29 01:26:05 UTC,2014-07-30 21:14:03 UTC
635,    10202678444975900   ,    10152236492148600   ,,,0.0591470936413636,122700.0,2014-07-29 01:26:06 UTC,2014-07-30 21:14:03 UTC
639,    10202678444975900   ,    10203966122371900   ,,,0.0375347707057039,47100.0,2014-07-29 01:26:08 UTC,2014-07-30 21:14:03 UTC
640,    10202678444975900   ,    10154215500725000   ,,,0.0563914934059807,74640.0,2014-07-29 01:26:08 UTC,2014-07-30 21:14:03 UTC
641,    10202678444975900   ,    10152471171597400   ,,,0.277563324583374,80700.0,2014-07-29 01:26:09 UTC,2014-07-30 21:14:03 UTC
650,    10202678444975900   ,    10152541500488500   ,,,0.121169646065604,61020.0,2014-07-29 01:26:14 UTC,2014-07-30 21:14:03 UTC
651,    10154237556155100   ,    10152168324927900   ,,,0.102553889193344,64800.0,2014-07-29 01:26:14 UTC,2014-07-30 21:14:03 UTC
652,    10154237556155100   ,    10154237088440500   ,,,0.0735002172190681,74460.0,2014-07-29 01:26:15 UTC,2014-07-30 21:14:03 UTC
655,    10154237556155100   ,    10203795790833000   ,,,0.102553889193344,66480.0,2014-07-29 01:26:17 UTC,2014-07-30 21:14:03 UTC
660,    10154237556155100   ,    10203375803609100   ,,,0.0828051278410763,67500.0,2014-07-29 01:26:19 UTC,2014-07-30 21:14:03 UTC
661,    10154237556155100   ,    10152030341315900   ,,,0.0367767202108177,79980.0,2014-07-29 01:26:20 UTC,2014-07-30 21:14:03 UTC
662,    10154237556155100   ,    10204070474264400   ,,,0.1328400541823,64200.0,2014-07-29 01:26:20 UTC,2014-07-30 21:14:03 UTC
663,    10154237556155100   ,    10203154807607700   ,,,0.0339840452981819,40920.0,2014-07-29 01:26:21 UTC,2014-07-30 21:14:03 UTC
665,    10154237556155100   ,    10154161006850400   ,,,0.0804722727149481,78060.0,2014-07-29 01:26:22 UTC,2014-07-30 21:14:03 UTC
666,    10154237556155100   ,    10152481202984800   ,,,0.102553889193344,60540.0,2014-07-29 01:26:23 UTC,2014-07-30 21:14:03 UTC
667,    10154237556155100   ,    1431206683815010    ,,,0.141956051132647,68100.0,2014-07-29 01:26:23 UTC,2014-07-30 21:14:03 UTC
668,    10154237556155100   ,    10152194488117800   ,,,0.132701138469202,73440.0,2014-07-29 01:26:24 UTC,2014-07-30 21:14:03 UTC
670,    10154237556155100   ,    10152461578970200   ,,,0.0529980726878442,103080.0,2014-07-29 01:26:25 UTC,2014-07-30 21:14:03 UTC
671,    10154237556155100   ,    10203299566062600   ,,,0.0448901957705941,85140.0,2014-07-29 01:26:25 UTC,2014-07-30 21:14:03 UTC
672,    10154237556155100   ,    10154158904980400   ,,,0.0867332956071924,35700.0,2014-07-29 01:26:26 UTC,2014-07-30 21:14:03 UTC
673,    10154237556155100   ,    10203549599554800   ,,,0.0401407406322227,84780.0,2014-07-29 01:26:26 UTC,2014-07-30 21:14:03 UTC
677,    10154237556155100   ,    10152233644959100   ,,,0.0681270821829193,72540.0,2014-07-29 01:26:28 UTC,2014-07-30 21:14:03 UTC
680,    10154237556155100   ,    10152564673903500   ,,,0.132701138469202,83880.0,2014-07-29 01:26:30 UTC,2014-07-30 21:14:03 UTC
681,    10154237556155100   ,    10152411710657800   ,,,0.081046098954245,57060.0,2014-07-29 01:26:30 UTC,2014-07-30 21:14:03 UTC
682,    10154237556155100   ,    10203966122371900   ,,,0.0654173061998661,47100.0,2014-07-29 01:26:31 UTC,2014-07-30 21:14:03 UTC
683,    10154237556155100   ,    10154215500725000   ,,,0.0982816604936975,74640.0,2014-07-29 01:26:32 UTC,2014-07-30 21:14:03 UTC
687,    10154237556155100   ,    10203194488116700   ,,,0.047179159133832,65640.0,2014-07-29 01:26:34 UTC,2014-07-30 21:14:03 UTC
688,    10154237556155100   ,    10152278493009700   ,,,0.0239587918100502,77640.0,2014-07-29 01:26:34 UTC,2014-07-30 21:14:03 UTC
691,    10154237556155100   ,    10152481467059800   ,,,0.080034082570366,68400.0,2014-07-29 01:26:36 UTC,2014-07-30 21:14:03 UTC
692,    10154237556155100   ,    10152481473374400   ,,,0.0464561380515362,73380.0,2014-07-29 01:26:36 UTC,2014-07-30 21:14:03 UTC
697,    10152168324927900   ,    10203795790833000   ,,,1.0,1680.0,2014-07-29 01:26:39 UTC,2014-07-30 21:14:03 UTC
704,    10152168324927900   ,    10204070474264400   ,,,0.0713378301531582,600.0,2014-07-29 01:26:44 UTC,2014-07-30 21:14:04 UTC
705,    10152168324927900   ,    10203154807607700   ,,,0.12008295248701,23880.0,2014-07-29 01:26:44 UTC,2014-07-30 21:14:04 UTC
773,    10154237088440500   ,    10203239143112200   ,,,0.17165734393305,,2014-07-29 01:27:36 UTC,2014-07-29 01:27:36 UTC
710,    10152168324927900   ,    10152194488117800   ,,,0.260711239355691,8640.0,2014-07-29 01:26:47 UTC,2014-07-30 21:14:04 UTC
715,    10152168324927900   ,    10203549599554800   ,,,0.0788624902514374,19980.0,2014-07-29 01:26:50 UTC,2014-07-30 21:14:04 UTC
717,    10152168324927900   ,    10154227414975000   ,,,0.248950112011895,240.0,2014-07-29 01:26:52 UTC,2014-07-30 21:14:04 UTC
722,    10152168324927900   ,    10152564673903500   ,,,0.260711239355691,19080.0,2014-07-29 01:26:56 UTC,2014-07-30 21:14:04 UTC
725,    10152168324927900   ,    10154215500725000   ,,,0.13063339741586,9840.0,2014-07-29 01:26:58 UTC,2014-07-30 21:14:04 UTC
733,    10152168324927900   ,    10152481467059800   ,,,0.440040132977475,3600.0,2014-07-29 01:27:05 UTC,2014-07-30 21:14:04 UTC
743,    10154237088440500   ,    10203375803609100   ,,,0.116594704217043,6960.0,2014-07-29 01:27:15 UTC,2014-07-30 21:14:04 UTC
744,    10154237088440500   ,    10152030341315900   ,,,0.0517838801394394,5520.0,2014-07-29 01:27:16 UTC,2014-07-30 21:14:04 UTC
746,    10154237088440500   ,    10203154807607700   ,,,0.0478516223928171,33540.0,2014-07-29 01:27:17 UTC,2014-07-30 21:14:04 UTC
750,    10154237088440500   ,    1431206683815010    ,,,0.0751884195018197,6360.0,2014-07-29 01:27:21 UTC,2014-07-30 21:14:04 UTC
753,    10154237088440500   ,    10152461578970200   ,,,0.0746245404146005,28620.0,2014-07-29 01:27:24 UTC,2014-07-30 21:14:04 UTC
760,    10154237088440500   ,    10152233644959100   ,,,0.0959271147015529,1920.0,2014-07-29 01:27:28 UTC,2014-07-30 21:14:04 UTC
766,    10154237088440500   ,    10154215500725000   ,,,0.0520558486910183,180.0,2014-07-29 01:27:32 UTC,2014-07-30 21:14:04 UTC
768,    10154237088440500   ,    10202844439564500   ,,,0.0622377499765222,1980.0,2014-07-29 01:27:33 UTC,2014-07-30 21:14:04 UTC
770,    10154237088440500   ,    10203194488116700   ,,,0.0664311528505268,8820.0,2014-07-29 01:27:34 UTC,2014-07-30 21:14:04 UTC
771,    10154237088440500   ,    10152278493009700   ,,,0.126111171266223,3180.0,2014-07-29 01:27:35 UTC,2014-07-30 21:14:04 UTC
775,    10154237088440500   ,    10152481473374400   ,,,0.0654130947733174,1080.0,2014-07-29 01:27:37 UTC,2014-07-30 21:14:04 UTC
779,    10152774703559800   ,    879703545379784 ,,,0.0879064447124892,19260.0,2014-07-29 01:27:39 UTC,2014-07-30 21:14:04 UTC
782,    10152774703559800   ,    10152030233245900   ,,,0.0699184272899605,10200.0,2014-07-29 01:27:41 UTC,2014-07-30 21:14:04 UTC
785,    10152774703559800   ,    10204070474264400   ,,,0.0586214582455323,300.0,2014-07-29 01:27:43 UTC,2014-07-30 21:14:04 UTC
786,    10152774703559800   ,    10203154807607700   ,,,0.127884936553521,22980.0,2014-07-29 01:27:43 UTC,2014-07-30 21:14:04 UTC
787,    10152774703559800   ,    10152499668983900   ,,,0.0430291816972149,2580.0,2014-07-29 01:27:44 UTC,2014-07-30 21:14:04 UTC
790,    10152774703559800   ,    1431206683815010    ,,,0.114734651179187,4200.0,2014-07-29 01:27:46 UTC,2014-07-30 21:14:04 UTC
795,    10152774703559800   ,    10154158904980400   ,,,0.175658618741965,28200.0,2014-07-29 01:27:52 UTC,2014-07-30 21:14:04 UTC
796,    10152774703559800   ,    10203549599554800   ,,,0.134823329473301,20880.0,2014-07-29 01:27:53 UTC,2014-07-30 21:14:04 UTC
798,    10152774703559800   ,    10154227414975000   ,,,0.068793158352173,1140.0,2014-07-29 01:27:55 UTC,2014-07-30 21:14:04 UTC
799,    10152774703559800   ,    10152470714252400   ,,,0.0880394582154424,2400.0,2014-07-29 01:27:55 UTC,2014-07-30 21:14:04 UTC
801,    10152774703559800   ,    10152236492148600   ,,,0.133929176929697,58800.0,2014-07-29 01:27:57 UTC,2014-07-30 21:14:04 UTC
804,    10152774703559800   ,    10152411710657800   ,,,0.0788965279384756,6840.0,2014-07-29 01:27:58 UTC,2014-07-30 21:14:04 UTC
805,    10152774703559800   ,    10203966122371900   ,,,0.0397273811363312,16800.0,2014-07-29 01:27:59 UTC,2014-07-30 21:14:04 UTC
806,    10152774703559800   ,    10154215500725000   ,,,0.18385875100866,10740.0,2014-07-29 01:28:00 UTC,2014-07-30 21:14:04 UTC
807,    10152774703559800   ,    10152471171597400   ,,,0.0924561156371214,16800.0,2014-07-29 01:28:01 UTC,2014-07-30 21:14:04 UTC
811,    10152774703559800   ,    10152278493009700   ,,,0.0364011540600683,13740.0,2014-07-29 01:28:06 UTC,2014-07-30 21:14:04 UTC
815,    10152774703559800   ,    10152481473374400   ,,,0.0705818996073251,9480.0,2014-07-29 01:28:09 UTC,2014-07-30 21:14:04 UTC
816,    10152774703559800   ,    10152541500488500   ,,,0.0554274073747558,2880.0,2014-07-29 01:28:10 UTC,2014-07-30 21:14:04 UTC
817,    10152528066067000   ,    10203795790833000   ,,,0.235834453663351,66480.0,2014-07-29 01:28:11 UTC,2014-07-30 21:14:04 UTC
820,    10152528066067000   ,    10152210335203500   ,,,0.233845579656072,54360.0,2014-07-29 01:28:13 UTC,2014-07-30 21:14:04 UTC
828,    10152528066067000   ,    10152481202984800   ,,,0.235834453663351,60540.0,2014-07-29 01:28:20 UTC,2014-07-30 21:14:04 UTC
862,    10203795790833000   ,    10204070474264400   ,,,0.0713378301531582,2280.0,2014-07-29 01:28:41 UTC,2014-07-30 21:14:05 UTC
863,    10203795790833000   ,    10203154807607700   ,,,0.12008295248701,25560.0,2014-07-29 01:28:41 UTC,2014-07-30 21:14:05 UTC
865,    10203795790833000   ,    10154161006850400   ,,,0.158099818850856,11580.0,2014-07-29 01:28:43 UTC,2014-07-30 21:14:05 UTC
866,    10203795790833000   ,    10152481202984800   ,,,1.0,5940.0,2014-07-29 01:28:43 UTC,2014-07-30 21:14:05 UTC
868,    10203795790833000   ,    10152194488117800   ,,,0.260711239355691,6960.0,2014-07-29 01:28:44 UTC,2014-07-30 21:14:05 UTC
871,    10203795790833000   ,    10203299566062600   ,,,0.088193505415836,18660.0,2014-07-29 01:28:46 UTC,2014-07-30 21:14:05 UTC
873,    10203795790833000   ,    10203549599554800   ,,,0.0788624902514374,18300.0,2014-07-29 01:28:47 UTC,2014-07-30 21:14:05 UTC
875,    10203795790833000   ,    10154227414975000   ,,,0.248950112011895,1440.0,2014-07-29 01:28:48 UTC,2014-07-30 21:14:05 UTC
880,    10203795790833000   ,    10152564673903500   ,,,0.260711239355691,17400.0,2014-07-29 01:28:51 UTC,2014-07-30 21:14:05 UTC
883,    10203795790833000   ,    10154215500725000   ,,,0.13063339741586,8160.0,2014-07-29 01:28:52 UTC,2014-07-30 21:14:05 UTC
891,    10203795790833000   ,    10152481467059800   ,,,0.440040132977475,1920.0,2014-07-29 01:28:57 UTC,2014-07-30 21:14:05 UTC
898,    879703545379784 ,    10152030341315900   ,,,0.0921959698361055,3180.0,2014-07-29 01:29:01 UTC,2014-07-30 21:14:05 UTC
909,    879703545379784 ,    10154158904980400   ,,,0.0686023725912938,47460.0,2014-07-29 01:29:07 UTC,2014-07-30 21:14:05 UTC
910,    879703545379784 ,    10203549599554800   ,,,0.153283676435075,1620.0,2014-07-29 01:29:08 UTC,2014-07-30 21:14:05 UTC
911,    879703545379784 ,    10152471310888800   ,,,0.173169409943166,30300.0,2014-07-29 01:29:08 UTC,2014-07-30 21:14:05 UTC
915,    879703545379784 ,    10152236492148600   ,,,0.0508647706359519,39540.0,2014-07-29 01:29:10 UTC,2014-07-30 21:14:05 UTC
920,    879703545379784 ,    10154215500725000   ,,,0.0484950350275212,8520.0,2014-07-29 01:29:13 UTC,2014-07-30 21:14:05 UTC
1003,    10152030233245900   ,    10152030341315900   ,,,0.0972132424083228,5880.0,2014-07-29 01:30:09 UTC,2014-07-30 21:14:06 UTC
1005,    10152030233245900   ,    10203154807607700   ,,,0.035456457953498,33180.0,2014-07-29 01:30:10 UTC,2014-07-30 21:14:06 UTC
1013,    10152030233245900   ,    10203299566062600   ,,,0.0731569240243672,11040.0,2014-07-29 01:30:17 UTC,2014-07-30 21:14:06 UTC
1015,    10152030233245900   ,    10203549599554800   ,,,0.19729806171182,10680.0,2014-07-29 01:30:19 UTC,2014-07-30 21:14:06 UTC
1017,    10152030233245900   ,    10154227414975000   ,,,0.0737902441127417,9060.0,2014-07-29 01:30:21 UTC,2014-07-30 21:14:06 UTC
1020,    10152030233245900   ,    10152236492148600   ,,,0.0404564736858827,48600.0,2014-07-29 01:30:24 UTC,2014-07-30 21:14:06 UTC
1023,    10152030233245900   ,    10152411710657800   ,,,0.0509866335264809,17040.0,2014-07-29 01:30:28 UTC,2014-07-30 21:14:06 UTC
1024,    10152030233245900   ,    10203966122371900   ,,,0.0256736953563344,27000.0,2014-07-29 01:30:29 UTC,2014-07-30 21:14:06 UTC
1026,    10152030233245900   ,    10152471171597400   ,,,0.0597494745136047,6600.0,2014-07-29 01:30:31 UTC,2014-07-30 21:14:06 UTC
1037,    10203375803609100   ,    10204070474264400   ,,,0.0576003327830948,3300.0,2014-07-29 01:30:42 UTC,2014-07-30 21:14:06 UTC
1038,    10203375803609100   ,    10203154807607700   ,,,0.0539094965914219,26580.0,2014-07-29 01:30:43 UTC,2014-07-30 21:14:06 UTC
1042,    10203375803609100   ,    1431206683815010    ,,,0.316655195256855,600.0,2014-07-29 01:30:46 UTC,2014-07-30 21:14:06 UTC
1045,    10203375803609100   ,    10152461578970200   ,,,0.0840717870356098,35580.0,2014-07-29 01:30:48 UTC,2014-07-30 21:14:06 UTC
1052,    10203375803609100   ,    10152233644959100   ,,,0.108071204369542,5040.0,2014-07-29 01:30:52 UTC,2014-07-30 21:14:06 UTC
1097,    10152030341315900   ,    10203239143112200   ,,,0.099936713822226,,2014-07-29 01:31:25 UTC,2014-07-29 01:31:25 UTC
1060,    10203375803609100   ,    10202844439564500   ,,,0.070116865477914,4980.0,2014-07-29 01:30:58 UTC,2014-07-30 21:14:06 UTC
1062,    10203375803609100   ,    10203194488116700   ,,,0.0748411407822462,1860.0,2014-07-29 01:31:00 UTC,2014-07-30 21:14:06 UTC
1067,    10203375803609100   ,    10152481473374400   ,,,0.0736941995564576,5880.0,2014-07-29 01:31:05 UTC,2014-07-30 21:14:06 UTC
1069,    10152030341315900   ,    10204070474264400   ,,,0.124648930512269,15780.0,2014-07-29 01:31:07 UTC,2014-07-30 21:14:06 UTC
1070,    10152030341315900   ,    10203154807607700   ,,,0.0239431364281435,39060.0,2014-07-29 01:31:08 UTC,2014-07-30 21:14:06 UTC
1071,    10152030341315900   ,    10152499668983900   ,,,0.197406167000225,18660.0,2014-07-29 01:31:08 UTC,2014-07-30 21:14:06 UTC
1077,    10152030341315900   ,    10152461578970200   ,,,0.0373392888827631,23100.0,2014-07-29 01:31:14 UTC,2014-07-30 21:14:06 UTC
1080,    10152030341315900   ,    10203549599554800   ,,,0.0774395255428496,4800.0,2014-07-29 01:31:16 UTC,2014-07-30 21:14:06 UTC
1089,    10152030341315900   ,    10203966122371900   ,,,0.0173370050482063,32880.0,2014-07-29 01:31:21 UTC,2014-07-30 21:14:07 UTC
1090,    10152030341315900   ,    10154215500725000   ,,,0.0260467717658606,5340.0,2014-07-29 01:31:21 UTC,2014-07-30 21:14:07 UTC
1092,    10152030341315900   ,    10202844439564500   ,,,0.0311414088833955,7500.0,2014-07-29 01:31:22 UTC,2014-07-30 21:14:07 UTC
1094,    10152030341315900   ,    10203194488116700   ,,,0.139142028368018,14340.0,2014-07-29 01:31:23 UTC,2014-07-30 21:14:07 UTC
1099,    10152030341315900   ,    10152481473374400   ,,,0.0327302309519963,6600.0,2014-07-29 01:31:26 UTC,2014-07-30 21:14:07 UTC
1101,    10204070474264400   ,    10203154807607700   ,,,0.158340046768695,23280.0,2014-07-29 01:31:27 UTC,2014-07-30 21:14:07 UTC
1102,    10204070474264400   ,    10152499668983900   ,,,0.219543353790442,2880.0,2014-07-29 01:31:27 UTC,2014-07-30 21:14:07 UTC
1103,    10204070474264400   ,    10154161006850400   ,,,0.0559775681656954,13860.0,2014-07-29 01:31:28 UTC,2014-07-30 21:14:07 UTC
1104,    10204070474264400   ,    10152481202984800   ,,,0.0713378301531582,3660.0,2014-07-29 01:31:29 UTC,2014-07-30 21:14:07 UTC
1105,    10204070474264400   ,    1431206683815010    ,,,0.151966979238156,3900.0,2014-07-29 01:31:29 UTC,2014-07-30 21:14:07 UTC
1108,    10204070474264400   ,    10152461578970200   ,,,0.0742164954782251,38880.0,2014-07-29 01:31:31 UTC,2014-07-30 21:14:07 UTC
1109,    10204070474264400   ,    10203299566062600   ,,,0.153899607923231,20940.0,2014-07-29 01:31:31 UTC,2014-07-30 21:14:07 UTC
1110,    10204070474264400   ,    10154158904980400   ,,,0.0603328177928441,28500.0,2014-07-29 01:31:32 UTC,2014-07-30 21:14:07 UTC
1111,    10204070474264400   ,    10203549599554800   ,,,0.0679293232397566,20580.0,2014-07-29 01:31:32 UTC,2014-07-30 21:14:07 UTC
1113,    10204070474264400   ,    10154227414975000   ,,,0.0933642262355452,840.0,2014-07-29 01:31:33 UTC,2014-07-30 21:14:07 UTC
1115,    10204070474264400   ,    10152233644959100   ,,,0.0473900917441829,8340.0,2014-07-29 01:31:34 UTC,2014-07-30 21:14:07 UTC
1118,    10204070474264400   ,    10152564673903500   ,,,0.273627751260202,19680.0,2014-07-29 01:31:36 UTC,2014-07-30 21:14:07 UTC
1119,    10204070474264400   ,    10152411710657800   ,,,0.0991252709761915,7140.0,2014-07-29 01:31:37 UTC,2014-07-30 21:14:07 UTC
1120,    10204070474264400   ,    10203966122371900   ,,,0.0670306410948849,17100.0,2014-07-29 01:31:37 UTC,2014-07-30 21:14:07 UTC
1121,    10204070474264400   ,    10154215500725000   ,,,0.1007055027707,10440.0,2014-07-29 01:31:38 UTC,2014-07-30 21:14:07 UTC
1122,    10204070474264400   ,    10152471171597400   ,,,0.107172824772006,16500.0,2014-07-29 01:31:38 UTC,2014-07-30 21:14:07 UTC
1123,    10204070474264400   ,    10202844439564500   ,,,0.14903087923604,8280.0,2014-07-29 01:31:39 UTC,2014-07-30 21:14:07 UTC
1125,    10204070474264400   ,    10203194488116700   ,,,0.0328184417727237,1440.0,2014-07-29 01:31:40 UTC,2014-07-30 21:14:07 UTC
1126,    10204070474264400   ,    10152278493009700   ,,,0.0569020320777353,13440.0,2014-07-29 01:31:40 UTC,2014-07-30 21:14:07 UTC
1130,    10204070474264400   ,    10152481473374400   ,,,0.120803054802958,9180.0,2014-07-29 01:31:43 UTC,2014-07-30 21:14:07 UTC
1131,    10204070474264400   ,    10152541500488500   ,,,0.0363599954313017,3180.0,2014-07-29 01:31:43 UTC,2014-07-30 21:14:07 UTC
1132,    10203154807607700   ,    10152499668983900   ,,,0.0308589952774601,20400.0,2014-07-29 01:31:44 UTC,2014-07-30 21:14:07 UTC
1135,    10203154807607700   ,    1431206683815010    ,,,0.298251660109073,27180.0,2014-07-29 01:31:45 UTC,2014-07-30 21:14:07 UTC
1138,    10203154807607700   ,    10152461578970200   ,,,0.0839406382006458,62160.0,2014-07-29 01:31:47 UTC,2014-07-30 21:14:07 UTC
1140,    10203154807607700   ,    10154158904980400   ,,,0.0569847609622269,5220.0,2014-07-29 01:31:48 UTC,2014-07-30 21:14:08 UTC
1141,    10203154807607700   ,    10203549599554800   ,,,0.0966904859307919,43860.0,2014-07-29 01:31:48 UTC,2014-07-30 21:14:08 UTC
1143,    10203154807607700   ,    10154227414975000   ,,,0.102354109763016,24120.0,2014-07-29 01:31:50 UTC,2014-07-30 21:14:08 UTC
1145,    10203154807607700   ,    10152233644959100   ,,,0.0443534935634956,31620.0,2014-07-29 01:31:51 UTC,2014-07-30 21:14:08 UTC
1146,    10203154807607700   ,    10152236492148600   ,,,0.031746311704425,81780.0,2014-07-29 01:31:52 UTC,2014-07-30 21:14:08 UTC
1147,    10203154807607700   ,    10152447730470700   ,,,0.0994649307371874,31800.0,2014-07-29 01:31:53 UTC,2014-07-30 21:14:08 UTC
1149,    10203154807607700   ,    10152411710657800   ,,,0.0400093585332863,16140.0,2014-07-29 01:31:55 UTC,2014-07-30 21:14:08 UTC
1150,    10203154807607700   ,    10203966122371900   ,,,0.0361667260985188,6180.0,2014-07-29 01:31:56 UTC,2014-07-30 21:14:08 UTC
1151,    10203154807607700   ,    10154215500725000   ,,,0.137907673586018,33720.0,2014-07-29 01:31:56 UTC,2014-07-30 21:14:08 UTC
1152,    10203154807607700   ,    10152471171597400   ,,,0.122432823246506,39780.0,2014-07-29 01:31:57 UTC,2014-07-30 21:14:08 UTC
1153,    10203154807607700   ,    10202844439564500   ,,,0.156559848814488,31560.0,2014-07-29 01:31:58 UTC,2014-07-30 21:14:08 UTC
1155,    10203154807607700   ,    10203194488116700   ,,,0.0307155460636797,24720.0,2014-07-29 01:31:59 UTC,2014-07-30 21:14:08 UTC
1156,    10203154807607700   ,    10152278493009700   ,,,0.0793615507753483,36720.0,2014-07-29 01:31:59 UTC,2014-07-30 21:14:08 UTC
1159,    10203154807607700   ,    10152481467059800   ,,,0.0937139391809866,27480.0,2014-07-29 01:32:01 UTC,2014-07-30 21:14:08 UTC
1160,    10203154807607700   ,    10152481473374400   ,,,0.0808636524223529,32460.0,2014-07-29 01:32:01 UTC,2014-07-30 21:14:08 UTC
1161,    10203154807607700   ,    10152541500488500   ,,,0.087876487082562,20100.0,2014-07-29 01:32:02 UTC,2014-07-30 21:14:08 UTC
1164,    10152499668983900   ,    1431206683815010    ,,,0.0965357493555357,6780.0,2014-07-29 01:32:04 UTC,2014-07-30 21:14:08 UTC
1169,    10152499668983900   ,    10154158904980400   ,,,0.0806378681844228,25620.0,2014-07-29 01:32:06 UTC,2014-07-30 21:14:08 UTC
1170,    10152499668983900   ,    10203549599554800   ,,,0.0257737191345115,23460.0,2014-07-29 01:32:07 UTC,2014-07-30 21:14:08 UTC
1172,    10152499668983900   ,    10154227414975000   ,,,0.0290727905809226,3720.0,2014-07-29 01:32:08 UTC,2014-07-30 21:14:08 UTC
1173,    10152499668983900   ,    10152470714252400   ,,,0.0372065012403169,4980.0,2014-07-29 01:32:08 UTC,2014-07-30 21:14:08 UTC
1178,    10152499668983900   ,    10152411710657800   ,,,0.0439721736108787,4260.0,2014-07-29 01:32:11 UTC,2014-07-30 21:14:09 UTC
1179,    10152499668983900   ,    10203966122371900   ,,,0.0221416499062488,14220.0,2014-07-29 01:32:12 UTC,2014-07-30 21:14:09 UTC
1180,    10152499668983900   ,    10154215500725000   ,,,0.0570029299926064,13320.0,2014-07-29 01:32:12 UTC,2014-07-30 21:14:09 UTC
1185,    10152499668983900   ,    10152278493009700   ,,,0.0153835520019969,16320.0,2014-07-29 01:32:15 UTC,2014-07-30 21:14:09 UTC
1189,    10152499668983900   ,    10152481473374400   ,,,0.0298287334851322,12060.0,2014-07-29 01:32:17 UTC,2014-07-30 21:14:09 UTC
1190,    10152499668983900   ,    10152541500488500   ,,,0.0234242684250716,300.0,2014-07-29 01:32:18 UTC,2014-07-30 21:14:09 UTC
1191,    10154161006850400   ,    10152481202984800   ,,,0.158099818850856,17520.0,2014-07-29 01:32:18 UTC,2014-07-30 21:14:09 UTC
1193,    10154161006850400   ,    10152194488117800   ,,,0.204575624759874,4620.0,2014-07-29 01:32:19 UTC,2014-07-30 21:14:09 UTC
1196,    10154161006850400   ,    10203299566062600   ,,,0.0692039265924887,7080.0,2014-07-29 01:32:21 UTC,2014-07-30 21:14:09 UTC
1200,    10154161006850400   ,    10154227414975000   ,,,0.0698030255498318,13020.0,2014-07-29 01:32:23 UTC,2014-07-30 21:14:09 UTC
1205,    10154161006850400   ,    10152564673903500   ,,,0.204575624759874,5820.0,2014-07-29 01:32:27 UTC,2014-07-30 21:14:09 UTC
1210,    10154161006850400   ,    10202844439564500   ,,,0.217100671612197,5580.0,2014-07-29 01:32:32 UTC,2014-07-30 21:14:09 UTC
1216,    10154161006850400   ,    10152481467059800   ,,,0.123382682566178,9660.0,2014-07-29 01:32:39 UTC,2014-07-30 21:14:09 UTC
1220,    10152481202984800   ,    10152194488117800   ,,,0.260711239355691,12900.0,2014-07-29 01:32:42 UTC,2014-07-30 21:14:09 UTC
1223,    10152481202984800   ,    10203299566062600   ,,,0.088193505415836,24600.0,2014-07-29 01:32:44 UTC,2014-07-30 21:14:09 UTC
1225,    10152481202984800   ,    10203549599554800   ,,,0.0788624902514374,24240.0,2014-07-29 01:32:45 UTC,2014-07-30 21:14:09 UTC
1227,    10152481202984800   ,    10154227414975000   ,,,0.248950112011895,4500.0,2014-07-29 01:32:46 UTC,2014-07-30 21:14:09 UTC
1232,    10152481202984800   ,    10152564673903500   ,,,0.260711239355691,23340.0,2014-07-29 01:32:49 UTC,2014-07-30 21:14:10 UTC
1243,    10152481202984800   ,    10152481467059800   ,,,0.440040132977475,7860.0,2014-07-29 01:32:55 UTC,2014-07-30 21:14:10 UTC
1248,    1431206683815010    ,    10152461578970200   ,,,0.109142781034163,34980.0,2014-07-29 01:32:57 UTC,2014-07-30 21:14:10 UTC
1250,    1431206683815010    ,    10154158904980400   ,,,0.17826460491903,32400.0,2014-07-29 01:32:58 UTC,2014-07-30 21:14:10 UTC
1251,    1431206683815010    ,    10203549599554800   ,,,0.127558172911767,16680.0,2014-07-29 01:32:59 UTC,2014-07-30 21:14:10 UTC
1253,    1431206683815010    ,    10154227414975000   ,,,0.204352750336206,3060.0,2014-07-29 01:33:00 UTC,2014-07-30 21:14:10 UTC
1254,    1431206683815010    ,    10152470714252400   ,,,0.0992088339361112,1800.0,2014-07-29 01:33:01 UTC,2014-07-30 21:14:11 UTC
1255,    1431206683815010    ,    10152233644959100   ,,,0.0696918706966132,4440.0,2014-07-29 01:33:02 UTC,2014-07-30 21:14:11 UTC
1259,    1431206683815010    ,    10152411710657800   ,,,0.082907620109412,11040.0,2014-07-29 01:33:06 UTC,2014-07-30 21:14:11 UTC
1260,    1431206683815010    ,    10203966122371900   ,,,0.0669198547614426,21000.0,2014-07-29 01:33:07 UTC,2014-07-30 21:14:11 UTC
1261,    1431206683815010    ,    10154215500725000   ,,,0.163834315650101,6540.0,2014-07-29 01:33:08 UTC,2014-07-30 21:14:11 UTC
1262,    1431206683815010    ,    10152471171597400   ,,,0.0839378580868505,12600.0,2014-07-29 01:33:09 UTC,2014-07-30 21:14:11 UTC
1263,    1431206683815010    ,    10202844439564500   ,,,0.11000154116366,4380.0,2014-07-29 01:33:10 UTC,2014-07-30 21:14:11 UTC
1265,    1431206683815010    ,    10203194488116700   ,,,0.048262801701998,2460.0,2014-07-29 01:33:12 UTC,2014-07-30 21:14:11 UTC
1266,    1431206683815010    ,    10152278493009700   ,,,0.0655283831841728,9540.0,2014-07-29 01:33:12 UTC,2014-07-30 21:14:11 UTC
1270,    1431206683815010    ,    10152481473374400   ,,,0.127059646397566,5280.0,2014-07-29 01:33:14 UTC,2014-07-30 21:14:11 UTC
1271,    1431206683815010    ,    10152541500488500   ,,,0.115930373358341,7080.0,2014-07-29 01:33:15 UTC,2014-07-30 21:14:11 UTC
1276,    10152194488117800   ,    10203549599554800   ,,,0.102045298537165,11340.0,2014-07-29 01:33:18 UTC,2014-07-30 21:14:11 UTC
1278,    10152194488117800   ,    10154227414975000   ,,,0.115107236897223,8400.0,2014-07-29 01:33:19 UTC,2014-07-30 21:14:11 UTC
1283,    10152194488117800   ,    10152564673903500   ,,,1.0,10440.0,2014-07-29 01:33:21 UTC,2014-07-30 21:14:12 UTC
1294,    10152194488117800   ,    10152481467059800   ,,,0.203461663148413,5040.0,2014-07-29 01:33:27 UTC,2014-07-30 21:14:12 UTC
1323,    10152461578970200   ,    10203549599554800   ,,,0.0412900267228972,18300.0,2014-07-29 01:33:47 UTC,2014-07-30 21:14:12 UTC
1332,    10152461578970200   ,    10203966122371900   ,,,0.0249839531221734,55980.0,2014-07-29 01:33:56 UTC,2014-07-30 21:14:12 UTC
1333,    10152461578970200   ,    10154215500725000   ,,,0.0375353945489875,28440.0,2014-07-29 01:33:57 UTC,2014-07-30 21:14:12 UTC
1334,    10152461578970200   ,    10152471171597400   ,,,0.0589079078224881,22380.0,2014-07-29 01:33:57 UTC,2014-07-30 21:14:12 UTC
1335,    10152461578970200   ,    10202844439564500   ,,,0.0903437146671521,30600.0,2014-07-29 01:33:58 UTC,2014-07-30 21:14:12 UTC
1337,    10152461578970200   ,    10203194488116700   ,,,0.140647790718082,37440.0,2014-07-29 01:33:59 UTC,2014-07-30 21:14:12 UTC
1342,    10152461578970200   ,    10152481473374400   ,,,0.138492361928454,29700.0,2014-07-29 01:34:03 UTC,2014-07-30 21:14:12 UTC
1343,    10152461578970200   ,    10152541500488500   ,,,0.0375261584945434,42060.0,2014-07-29 01:34:03 UTC,2014-07-30 21:14:12 UTC
1345,    10203299566062600   ,    10203549599554800   ,,,0.0345199256136388,360.0,2014-07-29 01:34:04 UTC,2014-07-30 21:14:13 UTC
1347,    10203299566062600   ,    10154227414975000   ,,,0.115424289952073,20100.0,2014-07-29 01:34:05 UTC,2014-07-30 21:14:13 UTC
1352,    10203299566062600   ,    10152564673903500   ,,,0.33828041182188,1260.0,2014-07-29 01:34:08 UTC,2014-07-30 21:14:13 UTC
1356,    10203299566062600   ,    10152471171597400   ,,,0.13485579752286,4440.0,2014-07-29 01:34:12 UTC,2014-07-30 21:14:13 UTC
1363,    10203299566062600   ,    10152481467059800   ,,,0.0688270951998098,16740.0,2014-07-29 01:34:18 UTC,2014-07-30 21:14:13 UTC
1366,    10154158904980400   ,    10203549599554800   ,,,0.233348461081631,49080.0,2014-07-29 01:34:20 UTC,2014-07-30 21:14:13 UTC
1368,    10154158904980400   ,    10154227414975000   ,,,0.0536863240965215,29340.0,2014-07-29 01:34:21 UTC,2014-07-30 21:14:13 UTC
1369,    10154158904980400   ,    10152470714252400   ,,,0.0687061766061088,30600.0,2014-07-29 01:34:22 UTC,2014-07-30 21:14:13 UTC
1371,    10154158904980400   ,    10152236492148600   ,,,0.0556637232743129,87000.0,2014-07-29 01:34:23 UTC,2014-07-30 21:14:13 UTC
1374,    10154158904980400   ,    10152411710657800   ,,,0.0811997856597649,21360.0,2014-07-29 01:34:24 UTC,2014-07-30 21:14:13 UTC
1375,    10154158904980400   ,    10203966122371900   ,,,0.0408871583754539,11400.0,2014-07-29 01:34:25 UTC,2014-07-30 21:14:13 UTC
1381,    10154158904980400   ,    10152278493009700   ,,,0.0284075364639005,41940.0,2014-07-29 01:34:28 UTC,2014-07-30 21:14:13 UTC
1385,    10154158904980400   ,    10152481473374400   ,,,0.0550822614985711,37680.0,2014-07-29 01:34:30 UTC,2014-07-30 21:14:14 UTC
1386,    10154158904980400   ,    10152541500488500   ,,,0.0432556641885461,25320.0,2014-07-29 01:34:30 UTC,2014-07-30 21:14:14 UTC
1388,    10203549599554800   ,    10154227414975000   ,,,0.076024650567367,19740.0,2014-07-29 01:34:31 UTC,2014-07-30 21:14:14 UTC
1389,    10203549599554800   ,    10152470714252400   ,,,0.0527340790435308,18480.0,2014-07-29 01:34:32 UTC,2014-07-30 21:14:14 UTC
1391,    10203549599554800   ,    10152236492148600   ,,,0.0427235996529583,37920.0,2014-07-29 01:34:33 UTC,2014-07-30 21:14:14 UTC
1393,    10203549599554800   ,    10152564673903500   ,,,0.102045298537165,900.0,2014-07-29 01:34:34 UTC,2014-07-30 21:14:14 UTC
1396,    10203549599554800   ,    10154215500725000   ,,,0.0743775056165574,10140.0,2014-07-29 01:34:36 UTC,2014-07-30 21:14:14 UTC
1398,    10203549599554800   ,    10202844439564500   ,,,0.0487003829124542,12300.0,2014-07-29 01:34:37 UTC,2014-07-30 21:14:14 UTC
1401,    10203549599554800   ,    10152278493009700   ,,,0.0218036477551003,7140.0,2014-07-29 01:34:40 UTC,2014-07-30 21:14:14 UTC
1404,    10203549599554800   ,    10152481467059800   ,,,0.0615450774820333,16380.0,2014-07-29 01:34:44 UTC,2014-07-30 21:14:14 UTC
1405,    10203549599554800   ,    10152481473374400   ,,,0.0422773100650723,11400.0,2014-07-29 01:34:45 UTC,2014-07-30 21:14:14 UTC
1406,    10203549599554800   ,    10152541500488500   ,,,0.073395257241178,23760.0,2014-07-29 01:34:46 UTC,2014-07-30 21:14:14 UTC
1426,    10154227414975000   ,    10152470714252400   ,,,0.0594841135852024,1260.0,2014-07-29 01:35:00 UTC,2014-07-30 21:14:15 UTC
1430,    10154227414975000   ,    10152564673903500   ,,,0.115107236897223,18840.0,2014-07-29 01:35:05 UTC,2014-07-30 21:14:15 UTC
1431,    10154227414975000   ,    10152411710657800   ,,,0.218414247985856,7980.0,2014-07-29 01:35:06 UTC,2014-07-30 21:14:15 UTC
1433,    10154227414975000   ,    10154215500725000   ,,,0.0956271372228249,9600.0,2014-07-29 01:35:09 UTC,2014-07-30 21:14:15 UTC
1437,    10154227414975000   ,    10203194488116700   ,,,0.112059714687997,600.0,2014-07-29 01:35:13 UTC,2014-07-30 21:14:15 UTC
1438,    10154227414975000   ,    10152278493009700   ,,,0.074768094366104,12600.0,2014-07-29 01:35:13 UTC,2014-07-30 21:14:15 UTC
1441,    10154227414975000   ,    10152481467059800   ,,,0.194283161539572,3360.0,2014-07-29 01:35:16 UTC,2014-07-30 21:14:15 UTC
1442,    10154227414975000   ,    10152481473374400   ,,,0.0476888638163501,8340.0,2014-07-29 01:35:16 UTC,2014-07-30 21:14:15 UTC
1443,    10154227414975000   ,    10152541500488500   ,,,0.113848083448826,4020.0,2014-07-29 01:35:17 UTC,2014-07-30 21:14:15 UTC
1450,    10152470714252400   ,    10154215500725000   ,,,0.160945914289802,8340.0,2014-07-29 01:35:20 UTC,2014-07-30 21:14:15 UTC
1455,    10152470714252400   ,    10152278493009700   ,,,0.0314753739268195,11340.0,2014-07-29 01:35:23 UTC,2014-07-30 21:14:15 UTC
1459,    10152470714252400   ,    10152481473374400   ,,,0.20224375568837,7080.0,2014-07-29 01:35:25 UTC,2014-07-30 21:14:15 UTC
1460,    10152470714252400   ,    10152541500488500   ,,,0.0479270072052029,5280.0,2014-07-29 01:35:26 UTC,2014-07-30 21:14:15 UTC
1465,    10152233644959100   ,    10203966122371900   ,,,0.0321159570770374,25440.0,2014-07-29 01:35:29 UTC,2014-07-30 21:14:15 UTC
1466,    10152233644959100   ,    10154215500725000   ,,,0.0482503755234423,2100.0,2014-07-29 01:35:29 UTC,2014-07-30 21:14:15 UTC
1468,    10152233644959100   ,    10202844439564500   ,,,0.241483364215166,60.0,2014-07-29 01:35:30 UTC,2014-07-30 21:14:15 UTC
1470,    10152233644959100   ,    10203194488116700   ,,,0.0615747923065974,6900.0,2014-07-29 01:35:31 UTC,2014-07-30 21:14:15 UTC
1471,    10152233644959100   ,    10152278493009700   ,,,0.0312692650039824,5100.0,2014-07-29 01:35:32 UTC,2014-07-30 21:14:15 UTC
1475,    10152233644959100   ,    10152481473374400   ,,,0.0606311580029557,840.0,2014-07-29 01:35:34 UTC,2014-07-30 21:14:15 UTC
1502,    10152447730470700   ,    10203239143112200   ,,,0.0987408054024163,,2014-07-29 01:35:54 UTC,2014-07-29 01:35:54 UTC
1479,    10152236492148600   ,    10152411710657800   ,,,0.0456514173754701,65640.0,2014-07-29 01:35:36 UTC,2014-07-30 21:14:16 UTC
1480,    10152236492148600   ,    10203966122371900   ,,,0.078946848634394,75600.0,2014-07-29 01:35:37 UTC,2014-07-30 21:14:16 UTC
1481,    10152236492148600   ,    10154215500725000   ,,,0.0738842316698767,48060.0,2014-07-29 01:35:37 UTC,2014-07-30 21:14:16 UTC
1482,    10152236492148600   ,    10152471171597400   ,,,0.0534973190094797,42000.0,2014-07-29 01:35:38 UTC,2014-07-30 21:14:16 UTC
1485,    10152236492148600   ,    10203194488116700   ,,,0.0758650887979631,57060.0,2014-07-29 01:35:39 UTC,2014-07-30 21:14:16 UTC
1486,    10152236492148600   ,    10152278493009700   ,,,0.0487345512694188,45060.0,2014-07-29 01:35:40 UTC,2014-07-30 21:14:16 UTC
1490,    10152236492148600   ,    10152481473374400   ,,,0.0747024555586641,49320.0,2014-07-29 01:35:43 UTC,2014-07-30 21:14:16 UTC
1500,    10152447730470700   ,    10152278493009700   ,,,0.0751462161671943,4920.0,2014-07-29 01:35:52 UTC,2014-07-30 21:14:16 UTC
1519,    10152411710657800   ,    10203966122371900   ,,,0.0671765516957843,9960.0,2014-07-29 01:36:09 UTC,2014-07-30 21:14:16 UTC
1520,    10152411710657800   ,    10154215500725000   ,,,0.100924715957135,17580.0,2014-07-29 01:36:10 UTC,2014-07-30 21:14:16 UTC
1521,    10152411710657800   ,    10152471171597400   ,,,0.0674217980579309,23640.0,2014-07-29 01:36:11 UTC,2014-07-30 21:14:16 UTC
1524,    10152411710657800   ,    10203194488116700   ,,,0.120945737316883,8580.0,2014-07-29 01:36:14 UTC,2014-07-30 21:14:16 UTC
1525,    10152411710657800   ,    10152278493009700   ,,,0.0541521722203963,20580.0,2014-07-29 01:36:15 UTC,2014-07-30 21:14:16 UTC
1528,    10152411710657800   ,    10152481467059800   ,,,0.162194101999182,11340.0,2014-07-29 01:36:18 UTC,2014-07-30 21:14:16 UTC
1530,    10152411710657800   ,    10152541500488500   ,,,0.187012683937751,3960.0,2014-07-29 01:36:20 UTC,2014-07-30 21:14:16 UTC
1531,    10203966122371900   ,    10154215500725000   ,,,0.0682474645093356,27540.0,2014-07-29 01:36:21 UTC,2014-07-30 21:14:16 UTC
1532,    10203966122371900   ,    10152471171597400   ,,,0.0339494213285646,33600.0,2014-07-29 01:36:22 UTC,2014-07-30 21:14:16 UTC
1533,    10203966122371900   ,    10202844439564500   ,,,0.0208369126188783,25380.0,2014-07-29 01:36:24 UTC,2014-07-30 21:14:16 UTC
1535,    10203966122371900   ,    10203194488116700   ,,,0.0903267671519369,18540.0,2014-07-29 01:36:25 UTC,2014-07-30 21:14:16 UTC
1536,    10203966122371900   ,    10152278493009700   ,,,0.0112944735740079,30540.0,2014-07-29 01:36:26 UTC,2014-07-30 21:14:16 UTC
1540,    10203966122371900   ,    10152481473374400   ,,,0.088942508548234,26280.0,2014-07-29 01:36:30 UTC,2014-07-30 21:14:16 UTC
1542,    10154215500725000   ,    10152471171597400   ,,,0.0510049357700135,6060.0,2014-07-29 01:36:32 UTC,2014-07-30 21:14:16 UTC
1543,    10154215500725000   ,    10202844439564500   ,,,0.0313049633301719,2160.0,2014-07-29 01:36:33 UTC,2014-07-30 21:14:16 UTC
1545,    10154215500725000   ,    10203194488116700   ,,,0.0334142028712683,9000.0,2014-07-29 01:36:34 UTC,2014-07-30 21:14:16 UTC
1546,    10154215500725000   ,    10152278493009700   ,,,0.0370498875050518,3000.0,2014-07-29 01:36:35 UTC,2014-07-30 21:14:16 UTC
1583,    10152278493009700   ,    10203239143112200   ,,,0.0697692855466967,,2014-07-29 01:37:07 UTC,2014-07-29 01:37:07 UTC
36,10152295064614500,    10203549599554800   ,,,0.0830730856608224,229620.0,2014-07-29 01:18:30 UTC,2014-07-30 21:13:45 UTC
46,10152295064614500,    10154215500725000   ,,,0.0765108275173459,239760.0,2014-07-29 01:18:38 UTC,2014-07-30 21:13:45 UTC
112,    10152553841616400   ,    10152202815332800   ,,,0.0912339004275053,360.0,2014-07-29 01:19:42 UTC,2014-07-30 21:13:45 UTC
174,    10152202815332800   ,    10202678444975900   ,,,0.0330007515052008,345720.0,2014-07-29 01:20:25 UTC,2014-07-30 21:13:47 UTC
195,    10152202815332800   ,    10152461578970200   ,,,0.0222545058165257,242640.0,2014-07-29 01:20:47 UTC,2014-07-30 21:13:47 UTC
218,    10152202815332800   ,    10152541500488500   ,,,0.0469705930801451,284700.0,2014-07-29 01:21:12 UTC,2014-07-30 21:13:48 UTC
1550,    10154215500725000   ,    10152481473374400   ,,,0.161933686808131,1260.0,2014-07-29 01:36:39 UTC,2014-07-30 21:14:16 UTC
1551,    10154215500725000   ,    10152541500488500   ,,,0.030577440265214,13620.0,2014-07-29 01:36:40 UTC,2014-07-30 21:14:16 UTC
1552,    10152471171597400   ,    10202844439564500   ,,,0.06948016010694,8220.0,2014-07-29 01:36:41 UTC,2014-07-30 21:14:16 UTC
1560,    10152471171597400   ,    10152541500488500   ,,,0.166941393258165,19680.0,2014-07-29 01:36:50 UTC,2014-07-30 21:14:17 UTC
1562,    10202844439564500   ,    10203194488116700   ,,,0.0399498779918193,6840.0,2014-07-29 01:36:52 UTC,2014-07-30 21:14:17 UTC
1563,    10202844439564500   ,    10152278493009700   ,,,0.0692668242671245,5160.0,2014-07-29 01:36:52 UTC,2014-07-30 21:14:17 UTC
1568,    10202844439564500   ,    10152541500488500   ,,,0.0442610100541363,11460.0,2014-07-29 01:36:56 UTC,2014-07-30 21:14:17 UTC
1576,    10203194488116700   ,    10152278493009700   ,,,0.021654496014666,12000.0,2014-07-29 01:37:02 UTC,2014-07-30 21:14:17 UTC
1580,    10203194488116700   ,    10152481473374400   ,,,0.247851821078331,7740.0,2014-07-29 01:37:05 UTC,2014-07-30 21:14:17 UTC
1585,    10152278493009700   ,    10152481473374400   ,,,0.0465566860141666,4260.0,2014-07-29 01:37:08 UTC,2014-07-30 21:14:17 UTC
1586,    10152278493009700   ,    10152541500488500   ,,,0.0602414793030553,16620.0,2014-07-29 01:37:09 UTC,2014-07-30 21:14:17 UTC
1595,    10152481467059800   ,    10152541500488500   ,,,0.171233335884012,7380.0,2014-07-29 01:37:13 UTC,2014-07-30 21:14:17 UTC
1596,    10152481473374400   ,    10152541500488500   ,,,0.0384234442101988,12360.0,2014-07-29 01:37:14 UTC,2014-07-30 21:14:17 UTC
243,    10152532065862000   ,    10152481202984800   ,,,0.141767403326856,118920.0,2014-07-29 01:21:37 UTC,2014-07-30 21:13:48 UTC
293,    10152137200716000   ,    10154161006850400   ,,,0.0512681458748296,261300.0,2014-07-29 01:22:28 UTC,2014-07-30 21:13:50 UTC
303,    10152137200716000   ,    10154227414975000   ,,,0.0288467143601407,274320.0,2014-07-29 01:22:37 UTC,2014-07-30 21:13:50 UTC
313,    10152137200716000   ,    10202844439564500   ,,,0.0403473827829867,266880.0,2014-07-29 01:22:43 UTC,2014-07-30 21:13:50 UTC
356,    10152532133457028?  ,    10152236492148600   ,,,0.0968250306571074,50100.0,2014-07-29 01:23:05 UTC,2014-07-30 21:13:52 UTC
358,    10152532133457028?  ,    10152564673903500   ,,,0.231266542134413,88920.0,2014-07-29 01:23:06 UTC,2014-07-30 21:13:52 UTC
384,    10152024395296100   ,    10203749461875300   ,,,1.0,72300.0,2014-07-29 01:23:20 UTC,2014-07-30 21:13:53 UTC
443,    10203771450665200   ,    10152194488117800   ,,,0.720984431704269,73440.0,2014-07-29 01:24:05 UTC,2014-07-30 21:13:55 UTC
503,    10152470060984600   ,    10152411710657800   ,,,0.156280744645828,29340.0,2014-07-29 01:24:42 UTC,2014-07-30 21:13:58 UTC
535,    10152465880073300   ,    1431206683815010    ,,,0.245161859665323,68100.0,2014-07-29 01:25:08 UTC,2014-07-30 21:14:00 UTC
573,    10152528084332000   ,    10203375803609100   ,,,0.374481664532963,67500.0,2014-07-29 01:25:28 UTC,2014-07-30 21:14:01 UTC
583,    10152528084332000   ,    10152461578970200   ,,,0.0641159897040178,103080.0,2014-07-29 01:25:34 UTC,2014-07-30 21:14:02 UTC
638,    10202678444975900   ,    10152411710657800   ,,,0.0745421168207496,57060.0,2014-07-29 01:26:07 UTC,2014-07-30 21:14:03 UTC
664,    10154237556155100   ,    10152499668983900   ,,,0.0469687389110057,61320.0,2014-07-29 01:26:21 UTC,2014-07-30 21:14:03 UTC
675,    10154237556155100   ,    10154227414975000   ,,,0.0452788105617671,65040.0,2014-07-29 01:26:27 UTC,2014-07-30 21:14:03 UTC
685,    10154237556155100   ,    10202844439564500   ,,,0.0442010199172797,72480.0,2014-07-29 01:26:33 UTC,2014-07-30 21:14:03 UTC
696,    10152168324927900   ,    10152528066067000   ,,,0.235834453663351,64800.0,2014-07-29 01:26:39 UTC,2014-07-30 21:14:03 UTC
707,    10152168324927900   ,    10154161006850400   ,,,0.158099818850856,13260.0,2014-07-29 01:26:45 UTC,2014-07-30 21:14:04 UTC
708,    10152168324927900   ,    10152481202984800   ,,,1.0,4260.0,2014-07-29 01:26:46 UTC,2014-07-30 21:14:04 UTC
713,    10152168324927900   ,    10203299566062600   ,,,0.088193505415836,20340.0,2014-07-29 01:26:49 UTC,2014-07-30 21:14:04 UTC
745,    10154237088440500   ,    10204070474264400   ,,,0.0511277149354021,10260.0,2014-07-29 01:27:17 UTC,2014-07-30 21:14:04 UTC
765,    10154237088440500   ,    10203966122371900   ,,,0.0346489200142545,27360.0,2014-07-29 01:27:31 UTC,2014-07-30 21:14:04 UTC
1004,    10152030233245900   ,    10204070474264400   ,,,0.0970589961693877,9900.0,2014-07-29 01:30:10 UTC,2014-07-30 21:14:06 UTC
1025,    10152030233245900   ,    10154215500725000   ,,,0.0385716495711503,540.0,2014-07-29 01:30:30 UTC,2014-07-30 21:14:06 UTC
1036,    10203375803609100   ,    10152030341315900   ,,,0.058339566565809,12480.0,2014-07-29 01:30:41 UTC,2014-07-30 21:14:06 UTC
1057,    10203375803609100   ,    10203966122371900   ,,,0.0390353710490973,20400.0,2014-07-29 01:30:55 UTC,2014-07-30 21:14:06 UTC
1058,    10203375803609100   ,    10154215500725000   ,,,0.0586459655335172,7140.0,2014-07-29 01:30:56 UTC,2014-07-30 21:14:06 UTC
1063,    10203375803609100   ,    10152278493009700   ,,,0.0380062583511089,10140.0,2014-07-29 01:31:01 UTC,2014-07-30 21:14:06 UTC
1074,    10152030341315900   ,    1431206683815010    ,,,0.0376214325852991,11880.0,2014-07-29 01:31:10 UTC,2014-07-30 21:14:06 UTC
1084,    10152030341315900   ,    10152233644959100   ,,,0.0479982888689313,7440.0,2014-07-29 01:31:18 UTC,2014-07-30 21:14:07 UTC
1095,    10152030341315900   ,    10152278493009700   ,,,0.0168799392752754,2340.0,2014-07-29 01:31:24 UTC,2014-07-30 21:14:07 UTC
1106,    10204070474264400   ,    10152194488117800   ,,,0.273627751260202,9240.0,2014-07-29 01:31:30 UTC,2014-07-30 21:14:07 UTC
1116,    10204070474264400   ,    10152236492148600   ,,,0.0339197773013837,58500.0,2014-07-29 01:31:35 UTC,2014-07-30 21:14:07 UTC
1129,    10204070474264400   ,    10152481467059800   ,,,0.055672757354961,4200.0,2014-07-29 01:31:42 UTC,2014-07-30 21:14:07 UTC
1134,    10203154807607700   ,    10152481202984800   ,,,0.12008295248701,19620.0,2014-07-29 01:31:45 UTC,2014-07-30 21:14:07 UTC
1144,    10203154807607700   ,    10152470714252400   ,,,0.0631387611416356,25380.0,2014-07-29 01:31:50 UTC,2014-07-30 21:14:08 UTC
1198,    10154161006850400   ,    10203549599554800   ,,,0.0618820395053871,6720.0,2014-07-29 01:32:22 UTC,2014-07-30 21:14:09 UTC
1235,    10152481202984800   ,    10154215500725000   ,,,0.13063339741586,14100.0,2014-07-29 01:32:50 UTC,2014-07-30 21:14:10 UTC
1274,    10152194488117800   ,    10203299566062600   ,,,0.33828041182188,11700.0,2014-07-29 01:33:17 UTC,2014-07-30 21:14:11 UTC
1327,    10152461578970200   ,    10152233644959100   ,,,0.0691692132355922,30540.0,2014-07-29 01:33:51 UTC,2014-07-30 21:14:12 UTC
1338,    10152461578970200   ,    10152278493009700   ,,,0.0243252863101778,25440.0,2014-07-29 01:34:00 UTC,2014-07-30 21:14:12 UTC
1354,    10203299566062600   ,    10203966122371900   ,,,0.0579460604603156,38040.0,2014-07-29 01:34:10 UTC,2014-07-30 21:14:13 UTC
1376,    10154158904980400   ,    10154215500725000   ,,,0.158333018100708,38940.0,2014-07-29 01:34:25 UTC,2014-07-30 21:14:13 UTC
1397,    10203549599554800   ,    10152471171597400   ,,,0.0630977541051643,4080.0,2014-07-29 01:34:36 UTC,2014-07-30 21:14:14 UTC
1494,    10152447730470700   ,    10203966122371900   ,,,0.123798309023035,25620.0,2014-07-29 01:35:45 UTC,2014-07-30 21:14:16 UTC
1516,    10152564673903500   ,    10152481467059800   ,,,0.203461663148413,15480.0,2014-07-29 01:36:06 UTC,2014-07-30 21:14:16 UTC
1549,    10154215500725000   ,    10152481467059800   ,,,0.10194761210389,6240.0,2014-07-29 01:36:38 UTC,2014-07-30 21:14:16 UTC
1567,    10202844439564500   ,    10152481473374400   ,,,0.039337645714824,900.0,2014-07-29 01:36:55 UTC,2014-07-30 21:14:17 UTC
